"","name","Wikipedia","first_season","school","Conf.Hired","School.Leaving","Conf.Leaving","Previous.Position","SideOfBall","Wins.at.Prev","Losses.at.Prev","ConnectionToHiring.School","WinsPostHire","LossesPostHire","PrevHCAnyLevel","Fired","StillEmployedAtSchool","NFLCoachingExperience","RecruitingCoord","OffFieldIssuesFiring","Former.College.Player","PlayedNFL","Played.Power.4","WonNCasHCany","WonCCasHCany","WonNCasCoordAny","WonCCasCoordAny","Birth.Year","WinsBeforeHireAny","LossesBeforeHireAny","last_season","Regional.Ties","numb_years_Coord_HC","PreviousHC","PreviousOC","PreviousDC","PreviousWinPct","Conf.LeavingP4","LeavingNFL","SameConf","AgeAtHiringMinus50","PromoteWithin","GamesAsHCPrior","AllPriorWinPct","coach_sp","coach_winpct","coach_srs","sp_rel_team","winpct_rel_team","srs_rel_team","team_sp_prev","team_srs_prev","team_winpct_prev","team_sp_recent","team_srs_recent","team_winpct_recent","sp_prev_rel","srs_prev_rel","winpct_prev_rel"
"1","Kalen DeBoer","https://en.wikipedia.org/wiki/Kalen_DeBoer",2024,"Alabama","SEC","Washington","Big Ten","HC","O",25,3,0,17,5,1,0,1,0,0,0,1,0,0,1,1,0,1,1974,104,12,2025,0,26,1,0,0,0.892856862245098,1,0,0,0,0,116,0.896551724137931,22.45,0.772727272727273,17.8,-8.98846153846154,-0.126311188811189,-9.43846153846154,31.4384615384615,27.2384615384615,0.899038461538462,28.02,24.06,0.882352941176471,5.04642857142857,3.72142857142857,0.226511403946347
"2","Brent Brennan","https://en.wikipedia.org/wiki/Brent_Brennan",2024,"Arizona","Pac","San Jose State","MidMajor","HC","O",34,48,1,10,11,1,0,1,0,1,0,1,0,1,0,1,0,0,1973,34,48,2025,1,1,1,0,0,0.414634167162398,0,0,0,1,0,82,0.414634146341463,3.95,0.476190476190476,3.6,0.634615384615385,-0.00183150183150188,0.369230769230769,3.31538461538462,3.23076923076923,0.478021978021978,-2.425,-0.825,0.37037037037037,4.92967032967033,4.69340659340659,0.0223689529712977
"3","Kenny Dillingham","https://en.wikipedia.org/wiki/Kenny_Dillingham",2023,"Arizona State","Pac","Oregon","Big Ten","OC","O",0,0,1,20,15,0,0,1,0,0,0,0,0,0,0,0,0,0,1990,0,0,2025,1,5,0,1,0,0.5,1,0,0,-17,0,0,NA,1.13333333333333,0.571428571428571,5.03333333333333,-6.05128205128205,0.0494505494505494,-0.658974358974359,7.18461538461538,5.69230769230769,0.521978021978022,2.98,2.18,0.509090909090909,NA,NA,NA
"4","Hugh Freeze","https://en.wikipedia.org/wiki/Hugh_Freeze",2023,"Auburn","SEC","Liberty","MidMajor","HC","O",34,15,0,15,19,1,1,1,0,0,0,0,0,0,0,1,0,0,1969,76,47,2025,1,13,1,0,0,0.693877471886746,0,0,0,4,0,123,0.617886178861789,9.3,0.441176470588235,7.03333333333333,-5.78,-0.165041145992076,-4.46,15.08,11.4933333333333,0.606217616580311,13,9.45714285714286,0.548387096774194,16.9262509448224,10.7931009070295,0.169554753761541
"5","Dave Aranda","https://en.wikipedia.org/wiki/Dave_Aranda",2020,"Baylor","Big12","LSU","SEC","DC","D",0,0,0,36,34,0,0,1,0,0,0,0,0,0,0,0,1,1,1976,0,0,2025,1,14,0,0,1,0.5,1,0,0,-6,0,0,NA,5.46666666666667,0.514285714285714,4.88333333333333,-1.77179487179487,-0.0306878306878308,-0.724358974358975,7.23846153846154,5.60769230769231,0.544973544973545,9.84,6.96,0.553846153846154,NA,NA,NA
"6","Bill O'Brien","https://en.wikipedia.org/wiki/Bill_O%27Brien_(American_football)",2024,"Boston College","ACC","Patriots","NFL","OC","O",0,0,0,8,15,1,0,1,1,0,0,1,0,0,0,0,0,0,1969,67,57,2025,1,17,0,1,0,0.5,0,1,0,5,0,124,0.540322580645161,-5.2,0.347826086956522,-1.1,-6.13333333333333,-0.119915848527349,-0.683333333333334,0.933333333333333,-0.416666666666667,0.467741935483871,-6.4,-4.25,0.466666666666667,-4.23076923076923,-5.08076923076923,-0.0343406593406593
"7","Kalani Sitake","https://en.wikipedia.org/wiki/Kalani_Sitake",2016,"BYU","Big12","Oregon State","MidMajor","DC","D",0,0,1,80,44,0,0,1,0,0,0,1,0,1,0,0,0,0,1975,0,0,2025,1,7,0,0,1,0.5,0,0,0,-9,0,0,NA,6.3875,0.645161290322581,6.2875,-2.22788461538461,-0.00928897145752405,0.364423076923077,8.61538461538461,5.92307692307692,0.654450261780105,9.34,7.8,0.661538461538462,NA,NA,NA
"8","Justin Wilcox","https://en.wikipedia.org/wiki/Justin_Wilcox_(American_football)",2017,"California","ACC","Wisconsin","Big Ten","DC","D",0,0,0,48,54,0,0,1,0,0,0,1,0,1,0,0,0,1,1976,0,0,2025,1,14,0,0,1,0.5,1,0,0,-9,0,0,NA,0.3375,0.470588235294118,1.2375,-11.0394230769231,-0.0666458072590739,-7.27019230769231,11.3769230769231,8.50769230769231,0.537234042553192,2.1,0.7,0.360655737704918,NA,NA,NA
"9","Scott Satterfield","https://en.wikipedia.org/wiki/Scott_Satterfield",2023,"Cincinnati","Big12","App State","MidMajor","HC","O",51,24,0,15,18,1,0,1,0,0,0,1,0,0,0,1,0,0,1972,76,48,2025,1,13,1,0,0,0.679999952000013,0,0,0,1,0,124,0.612903225806452,0.833333333333333,0.454545454545455,2.76666666666667,-7.65128205128205,-0.240191387559809,-1.3025641025641,8.48461538461538,4.06923076923077,0.694736842105263,12.38,8.9,0.828125,-2.14164102564103,-0.405641025641026,-0.0417238627294493
"10","Dabo Swinney","https://en.wikipedia.org/wiki/Dabo_Swinney",2008,"Clemson","ACC","Clemson","ACC","OC","O",0,0,1,184,52,0,0,1,0,1,0,1,0,1,0,0,0,0,1969,0,0,2025,1,2,0,1,0,0.5,1,0,1,-11,1,0,NA,18.44,0.779661016949153,15.74,9.72571428571429,0.182975934076224,8.79714285714286,8.71428571428571,6.94285714285714,0.596685082872928,14.44,11.64,0.645161290322581,NA,NA,NA
"11","Deion Sanders","https://en.wikipedia.org/wiki/Deion_Sanders",2023,"Colorado","Big12","Jackson State","SWC","HC","O",27,6,0,16,19,1,0,1,0,0,0,1,1,1,0,1,0,0,1967,27,6,2025,0,3,1,0,0,0.818181625344469,0,0,0,6,0,33,0.818181818181818,-0.1,0.457142857142857,4.46666666666667,5.18571428571429,0.12,9.88095238095238,-5.28571428571429,-5.41428571428571,0.337142857142857,-9.38333333333333,-7.03333333333333,0.351851851851852,NA,NA,NA
"12","Manny Diaz","https://en.wikipedia.org/wiki/Manny_Diaz_(American_football)",2024,"Duke","ACC","Penn State","Big Ten","DC","D",0,0,0,14,8,1,0,1,0,0,0,0,0,0,0,0,0,0,1974,21,15,2025,1,18,0,0,1,0.5,1,0,0,0,0,36,0.583333333333333,4.75,0.636363636363636,2.3,4.73461538461538,0.157640232108317,0.33076923076923,0.0153846153846154,1.96923076923077,0.478723404255319,1.7,1.76,0.442622950819672,-6.14615384615385,-7.07692307692308,-0.023224043715847
"13","Mike Norvell","https://en.wikipedia.org/wiki/Mike_Norvell",2020,"Florida State","ACC","Memphis","MidMajor","HC","O",38,15,0,37,32,1,0,1,0,0,0,1,0,0,0,1,0,0,1981,38,15,2025,0,9,1,0,0,0.71698105019583,0,0,0,-11,0,53,0.716981132075472,9.72,0.536231884057971,8.4,-7.12,-0.140535792709706,-2.12,16.84,10.52,0.676767676767677,13.9714285714286,7.3,0.59375,17.3980769230769,15.5865384615385,0.277474195506982
"14","Kirby Smart","https://en.wikipedia.org/wiki/Kirby_Smart",2016,"Georgia","SEC","Alabama","SEC","DC","D",0,0,1,113,20,0,0,1,1,0,0,1,0,1,0,0,1,1,1975,0,0,2025,1,9,0,0,1,0.5,1,0,1,-9,0,0,NA,26.925,0.849624060150376,22.225,4.47884615384615,0.109828141783029,7.03269230769231,22.4461538461538,15.1923076923077,0.739795918367347,24.08,16.76,0.742424242424242,NA,NA,NA
"15","Brent Key","https://en.wikipedia.org/wiki/Brent_Key",2022,"Georgia Tech","ACC","Georgia Tech","ACC","AHC","O",0,0,1,26,17,0,0,1,0,1,0,1,0,1,0,0,0,0,1978,0,0,2025,1,4,0,0,0,0.5,1,0,1,-6,1,0,NA,0.0749999999999999,0.604651162790698,2.425,-6.09423076923077,0.0835985312117503,-2.99038461538462,6.16923076923077,5.41538461538462,0.521052631578947,-2.375,-0.575,0.362068965517241,NA,NA,NA
"16","Willie Fritz","https://en.wikipedia.org/wiki/Willie_Fritz",2024,"Houston","Big12","Tulane","MidMajor","HC","D",54,47,0,12,10,1,0,1,0,0,0,1,0,0,0,1,0,0,1960,208,116,2025,1,34,1,0,0,0.534653458484464,0,0,0,14,0,324,0.641975308641975,-0.5,0.545454545454545,2.1,-4.56428571428571,-0.0715667311411993,-0.614285714285714,4.06428571428571,2.71428571428571,0.617021276595745,0.825,1.775,0.525423728813559,12.4761337868481,11.8692176870748,0.1761378584583
"17","Bret Bielema","https://en.wikipedia.org/wiki/Bret_Bielema",2021,"Illinois","Big Ten","NYGiants","NFL","LB","D",0,0,0,34,25,1,0,1,1,0,0,1,0,1,0,1,0,1,1970,97,58,2025,1,16,0,0,0,0.5,0,1,0,1,0,155,0.625806451612903,8.24,0.576271186440678,6.24,9.47571428571429,0.209604519774011,10.1971428571429,-1.23571428571429,-3.95714285714286,0.366666666666667,-5.36666666666667,-7.86666666666667,0.298245614035088,0.506844381425026,0.120143211627082,0.00468262226847028
"18","Curt Cignetti","https://en.wikipedia.org/wiki/Curt_Cignetti",2024,"Indiana","Big Ten","James Madison","SunBelt","HC","O",52,9,0,21,2,1,0,1,0,1,0,1,0,1,0,1,0,0,1961,119,35,2025,1,13,1,0,0,0.852458900833147,0,0,0,13,0,154,0.772727272727273,25.05,0.91304347826087,21.2,25.2714285714286,0.533155210104445,22.6071428571429,-0.221428571428572,-1.40714285714286,0.379888268156425,0.34,1.22,0.403508771929825,0,0,0
"19","Kirk Ferentz","https://en.wikipedia.org/wiki/Kirk_Ferentz",1999,"Iowa","Big Ten","Ravens","NFL","OL","O",0,0,1,210,127,1,0,1,1,0,0,1,0,0,0,0,0,0,1955,12,21,2025,1,5,0,0,0,0.5,0,1,0,-6,0,33,0.363636363636364,13.3565217391304,0.623145400593472,9.93478260869565,4.06421404682274,0.0175898450379163,1.36555183946488,9.29230769230769,8.56923076923077,0.605555555555556,9.5,8.86,0.551724137931034,NA,NA,NA
"20","Matt Campbell","https://en.wikipedia.org/wiki/Matt_Campbell_(American_football_coach)",2016,"Iowa State","Big12","Toledo","MAC","HC","O",35,15,0,70,55,1,0,1,0,0,0,1,0,1,0,0,1,1,1979,35,15,2025,0,8,1,0,0,0.699999920000032,0,0,0,-13,0,50,0.7,9.0875,0.56,10.8625,9.85673076923077,0.176216216216216,12.4855769230769,-0.769230769230769,-1.62307692307692,0.383783783783784,-1.6,0.0999999999999999,0.32258064516129,4.64923076923077,7.14153846153846,0.0922651933701657
"21","Lance Leipold","https://en.wikipedia.org/wiki/Lance_Leipold",2021,"Kansas","Big12","Buffalo","MidMajor","HC","O",37,33,0,27,33,1,0,1,0,0,0,1,0,0,1,1,0,0,1964,146,39,2025,1,18,1,0,0,0.528571420408166,0,0,0,7,0,185,0.789189189189189,0.82,0.45,3.86,8.51230769230769,0.151754385964912,10.8907692307692,-7.69230769230769,-7.03076923076923,0.298245614035088,-13.36,-10.8,0.157894736842105,11.4128571428571,9.25571428571429,0.236436597110754
"22","Chris Klieman","https://en.wikipedia.org/wiki/Chris_Klieman",2019,"Kansas State","Big12","NDSU","FCS","HC","D",69,6,0,52,33,1,0,1,0,0,0,1,0,0,1,1,0,0,1967,72,13,2025,1,14,1,0,0,0.91999988800003,0,0,0,2,0,85,0.847058823529412,11.5571428571429,0.611764705882353,10.4,2.0032967032967,0.0502673796791444,4.40769230769231,9.55384615384615,5.99230769230769,0.561497326203209,7.5,8.3,0.578125,NA,NA,NA
"23","Mark Stoops","https://en.wikipedia.org/wiki/Mark_Stoops",2013,"Kentucky","SEC","Florida State","ACC","DC","D",0,0,0,71,78,0,0,1,0,0,0,1,0,1,0,0,1,1,1967,0,0,2025,1,10,0,0,1,0.5,1,0,0,-4,0,0,NA,6.10909090909091,0.476510067114094,3.42727272727273,6.40909090909091,0.056620564351663,3.55804195804196,-0.3,-0.130769230769231,0.419889502762431,-1.48,-0.32,0.428571428571429,NA,NA,NA
"24","Jeff Brohm","https://en.wikipedia.org/wiki/Jeff_Brohm",2023,"Louisville","ACC","Purdue","Big Ten","HC","O",36,34,1,26,10,1,0,1,0,0,0,1,1,1,0,1,0,0,1971,66,44,2025,1,14,1,0,0,0.514285710204083,1,0,0,2,0,110,0.6,11.2333333333333,0.722222222222222,12.1,2.11794871794872,0.133333333333333,6.69230769230769,9.11538461538461,5.40769230769231,0.588888888888889,3.38,2.8,0.5,15.7517777777778,13.9474603174603,0.239795186891961
"25","Mike Locksley","https://en.wikipedia.org/wiki/Mike_Locksley",2019,"Maryland","Big Ten","Alabama","SEC","OC","O",0,0,1,37,46,1,0,1,0,1,0,1,0,0,0,0,1,1,1969,2,26,2025,1,15,0,1,0,0.5,1,0,0,0,0,28,0.0714285714285714,2.97142857142857,0.44578313253012,0.5,0.425274725274726,-0.00673083395032648,0.107692307692308,2.54615384615385,0.392307692307692,0.452513966480447,0.4,-0.14,0.428571428571429,-23.4717948717949,-20.5461538461538,-0.420284135753749
"26","Mario Cristobal","https://en.wikipedia.org/wiki/Mario_Cristobal",2022,"Miami","ACC","Oregon","Big Ten","HC","O",35,13,1,29,18,1,0,1,0,1,0,1,0,1,0,1,0,0,1970,62,60,2025,1,15,1,0,0,0.729166571180595,1,0,0,2,0,122,0.508196721311475,12.1,0.617021276595745,9.75,-1.65384615384615,0.0291091886836568,2.87307692307692,13.7538461538462,6.87692307692308,0.587912087912088,12.26,5.92,0.612903225806452,4.54159105851414,7.92566732412886,0.0997228430218121
"27","Sherrone Moore","https://en.wikipedia.org/wiki/Sherrone_Moore",2024,"Michigan","Big Ten","Michigan","Big Ten","DC","D",0,0,1,13,7,0,0,1,0,1,0,1,0,1,0,0,1,1,1986,0,0,2025,1,4,0,0,1,0.5,1,0,1,-12,1,0,NA,12.6,0.65,9.85,-5.84615384615384,-0.0447368421052632,-2.99615384615385,18.4461538461538,12.8461538461538,0.694736842105263,23.62,16.56,0.82258064516129,NA,NA,NA
"28","Jonathan Smith","https://en.wikipedia.org/wiki/Jonathan_Smith_(American_football_coach)",2024,"Michigan State","Big Ten","Oregon State","Pac","HC","O",34,35,0,3,13,1,0,1,0,0,0,1,0,1,0,0,0,1,1979,34,35,2025,0,12,1,0,0,0.492753625288804,1,0,0,-5,0,69,0.492753623188406,-4.25,0.1875,-3.3,-13.7857142857143,-0.447420634920635,-9.71428571428572,9.53571428571429,6.41428571428571,0.634920634920635,0.6,1.06666666666667,0.508771929824561,-1.25857142857143,0.551428571428572,0.000775013562737348
"29","P.J. Fleck","https://en.wikipedia.org/wiki/P._J._Fleck",2017,"Minnesota","Big Ten","Western Michigan","MidMajor","HC","O",30,22,0,64,42,1,0,1,1,1,0,1,0,0,0,1,0,0,1980,30,22,2025,1,4,1,0,0,0.576923047337289,0,0,0,-13,0,52,0.576923076923077,8.2,0.60377358490566,5.6,4.65333333333333,0.10377358490566,3.52666666666667,3.54666666666667,2.07333333333333,0.5,6.2,2.7,0.569230769230769,4.73269230769231,5.41923076923077,0.0797163730124624
"30","Jeff Lebby","https://en.wikipedia.org/wiki/Jeff_Lebby",2024,"Mississippi State","SEC","Oklahoma","SEC","OC","O",0,0,0,7,15,0,0,1,0,0,0,1,0,1,0,0,0,1,1984,0,0,2025,1,6,0,1,0,0.5,1,0,1,-10,0,0,NA,0.5,0.318181818181818,2.15,-9.6625,-0.252498810090433,-7.175,10.1625,9.325,0.570680628272251,6.34285714285714,5.47142857142857,0.5,NA,NA,NA
"31","Eli Drinkwitz","https://en.wikipedia.org/wiki/Eliah_Drinkwitz",2020,"Missouri","SEC","Appalachian State","MidMajor","HC","O",12,1,0,44,27,1,0,1,0,0,0,0,0,0,0,1,0,1,1983,12,1,2025,1,6,1,0,0,0.92307627219035,0,0,0,-13,0,13,0.923076923076923,9.96666666666667,0.619718309859155,6.4,-3.35641025641026,-0.00399303034703069,-3.55384615384615,13.3230769230769,9.95384615384615,0.623711340206186,8.42,5.1,0.483870967741935,5.23333333333333,7.8,0.173076923076923
"32","Dave Doeren","https://en.wikipedia.org/wiki/Dave_Doeren",2013,"NC State","ACC","Northern Illinois","MidMajor","HC","D",23,4,0,92,69,1,0,1,0,1,0,1,0,0,0,1,0,0,1971,23,4,2025,0,9,1,0,0,0.851851591221044,0,0,0,-8,0,27,0.851851851851852,6.76,0.571428571428571,4.46,1.76,0.02007722007722,0.821538461538462,5,3.63846153846154,0.551351351351351,3.2,2.24,0.555555555555556,12.0538461538462,9.85769230769231,0.368705784436121
"33","Matt Rhule","https://en.wikipedia.org/wiki/Matt_Rhule",2023,"Nebraska","Big Ten","NFL","NFL","HC","O",11,27,0,19,16,1,0,1,1,1,0,1,0,1,0,1,0,0,1975,47,43,2025,0,17,1,0,0,0.289473795013792,0,1,0,-2,0,90,0.522222222222222,5.7,0.542857142857143,5.16666666666667,-4.69285714285714,-0.013292589763178,-0.861904761904762,10.3928571428571,6.02857142857143,0.556149732620321,3.93333333333333,1.65,0.339285714285714,8.57198581560284,8.00289143480633,0.148978887702292
"34","Bill Belichick","https://en.wikipedia.org/wiki/Bill_Belichick",2025,"North Carolina","ACC","NFL","NFL","HC","D",0,0,0,4,5,1,0,1,1,0,0,1,0,0,0,0,0,0,1952,302,165,2025,0,39,1,0,0,0.5,0,1,0,23,0,467,0.646680942184154,-5.1,0.444444444444444,-7,-13.1,-0.0972222222222222,-10.9230769230769,8,3.92307692307692,0.541666666666667,6.32,3.82,0.569230769230769,NA,NA,NA
"35","David Braun","https://en.wikipedia.org/wiki/David_Braun_(American_football)",2023,"Northwestern","Big Ten","Northwestern","Big Ten","DC","D",0,0,1,17,17,0,0,1,0,0,0,1,0,0,0,0,1,1,1985,0,0,2025,1,10,0,0,1,0.5,1,0,1,-12,1,0,NA,-2.83333333333333,0.5,-0.466666666666667,-3.84102564102564,-0.0347593582887701,-2.55897435897436,1.00769230769231,2.09230769230769,0.53475935828877,-3.82,0.18,0.389830508474576,NA,NA,NA
"36","Marcus Freeman","https://en.wikipedia.org/wiki/Marcus_Freeman",2021,"Notre Dame","Indep","Notre Dame","Indep","DC","D",0,0,1,40,12,0,0,1,0,0,0,1,1,1,0,0,0,0,1986,0,0,2025,1,6,0,0,1,0.5,1,0,1,-15,1,0,NA,18.84,0.769230769230769,18.12,3.74833333333333,0.099073701167942,6.445,15.0916666666667,11.675,0.670157068062827,18.725,16.225,0.746031746031746,NA,NA,NA
"37","Ryan Day","https://en.wikipedia.org/wiki/Ryan_Day_(American_football)",2019,"Ohio State","Big Ten","Ohio State","Big Ten","OC","O",0,0,1,79,10,0,0,1,1,0,0,1,0,0,0,0,0,0,1979,0,0,2025,1,5,0,1,0,0.5,1,0,1,-10,1,0,NA,30.2857142857143,0.887640449438202,24.6428571428571,4.82857142857143,0.0450008555295728,5.57857142857143,25.4571428571429,19.0642857142857,0.842639593908629,26.1333333333333,21.8166666666667,0.898550724637681,NA,NA,NA
"38","Brent Venables","https://en.wikipedia.org/wiki/Brent_Venables",2022,"Oklahoma","SEC","Clemson","ACC","DC","D",0,0,1,29,19,0,0,1,0,0,0,1,0,1,0,0,1,1,1970,0,0,2025,1,23,0,0,1,0.5,1,0,0,2,0,0,NA,14.775,0.604166666666667,12.9,-8.85357142857143,-0.199853433835846,-5.97142857142857,23.6285714285714,18.8714285714286,0.804020100502513,20.7833333333333,17.2333333333333,0.848484848484849,NA,NA,NA
"39","Lane Kiffin","https://en.wikipedia.org/wiki/Lane_Kiffin",2020,"Ole Miss","SEC","FAU","MidMajor","HC","O",26,13,0,53,19,1,0,1,1,1,0,1,0,0,0,1,1,1,1975,63,34,2025,1,15,1,0,0,0.666666581196625,0,0,0,-5,0,97,0.649484536082474,17.3166666666667,0.736111111111111,12.8333333333333,8.81666666666667,0.260435435435435,6.91025641025641,8.5,5.92307692307692,0.475675675675676,12.74,7.16,0.491803278688525,5.44459802350427,5.61717414529915,0.0634426384559787
"40","Dan Lanning","https://en.wikipedia.org/wiki/Dan_Lanning",2022,"Oregon","Big Ten","Georgia","SEC","DC","D",0,0,0,43,7,0,0,1,0,1,0,1,0,0,0,0,1,1,1986,0,0,2025,0,3,0,0,1,0.5,1,0,0,-14,0,0,NA,24.425,0.86,18.625,5.64807692307692,0.113886010362694,1.50961538461538,18.7769230769231,17.1153846153846,0.746113989637306,11.16,10.12,0.688524590163934,NA,NA,NA
"41","Pat Narduzzi","https://en.wikipedia.org/wiki/Pat_Narduzzi",2015,"Pittsburgh","ACC","Michigan State","Big Ten","DC","D",0,0,0,79,58,0,0,1,0,0,0,1,0,0,0,0,0,1,1966,0,0,2025,1,14,0,0,1,0.5,1,0,0,-1,0,0,NA,7.6125,0.576642335766423,6.2875,-2.60178571428572,0.0013735185621222,0.373214285714285,10.2142857142857,5.91428571428571,0.575268817204301,9.56666666666667,5.35,0.523809523809524,NA,NA,NA
"42","Barry Odom","https://en.wikipedia.org/wiki/Barry_Odom",2025,"Purdue","Big Ten","UNLV","MidMajor","HC","D",19,8,0,2,8,1,0,1,0,1,0,1,0,1,0,0,0,0,1976,44,33,2025,1,13,1,0,0,0.703703552812183,0,0,0,-1,0,77,0.571428571428571,-6.3,0.2,-2.4,-4.35625,-0.153591160220994,0.51875,-1.94375,-2.91875,0.353591160220994,1.35,1.3,0.421052631578947,6.23466469428008,4.79694280078895,0.0760278508087203
"43","Greg Schiano","https://en.wikipedia.org/wiki/Greg_Schiano",2020,"Rutgers","Big Ten","Ohio State","Big Ten","DC","D",0,0,1,31,39,1,0,1,1,1,0,1,0,0,0,0,0,1,1966,79,88,2025,1,18,0,0,1,0.5,1,0,1,4,0,167,0.473053892215569,-1.71666666666667,0.442857142857143,0.0833333333333333,2.12619047619048,-0.0465045592705167,2.9547619047619,-3.84285714285714,-2.87142857142857,0.48936170212766,-12,-11.85,0.216666666666667,7.2034188034188,6.31794871794872,0.152188552188552
"44","Rhett Lashlee","https://en.wikipedia.org/wiki/Rhett_Lashlee",2022,"SMU","ACC","Miami","ACC","OC","O",0,0,1,36,15,0,0,1,0,0,0,1,0,1,0,0,0,1,1983,0,0,2025,1,11,0,1,0,0.5,1,0,1,-11,0,0,NA,11.125,0.705882352941177,8.75,17.8173076923077,0.243025210084034,14.1961538461538,-6.69230769230769,-5.44615384615385,0.462857142857143,2.78,1.7,0.616666666666667,NA,NA,NA
"45","Shane Beamer","https://en.wikipedia.org/wiki/Shane_Beamer",2021,"South Carolina","SEC","Oklahoma","SEC","AHC","O",0,0,1,32,38,0,0,1,0,1,0,1,0,1,0,0,0,0,1977,0,0,2025,1,8,0,0,0,0.5,1,0,1,-6,0,0,NA,8.48,0.457142857142857,6.1,-2.08,-0.111278195488722,-0.859999999999999,10.56,6.96,0.568421052631579,3.11666666666667,0.916666666666666,0.459016393442623,NA,NA,NA
"46","Fran Brown","https://en.wikipedia.org/wiki/Fran_Brown",2024,"Syracuse","ACC","Georgia","SEC","DB","D",0,0,0,13,10,0,0,1,0,0,0,1,1,0,0,0,0,0,1982,0,0,2025,1,4,0,0,0,0.5,1,0,0,-8,0,0,NA,-1.45,0.565217391304348,0.25,-1.15,0.132784958871915,0.880769230769231,-0.3,-0.630769230769231,0.432432432432432,-1.8,-0.34,0.39344262295082,NA,NA,NA
"47","Sonny Dykes","https://en.wikipedia.org/wiki/Sonny_Dykes",2022,"TCU","Big 12","SMU","ACC","HC","O",30,18,0,33,16,1,0,1,0,0,0,0,0,0,0,1,0,0,1969,71,63,2025,1,16,1,0,0,0.624999947916688,1,0,0,3,0,134,0.529850746268657,12.45,0.673469387755102,10.1,-0.307142857142855,-0.00547798066595062,-0.492857142857144,12.7571428571429,10.5928571428571,0.678947368421053,5.48333333333333,5.46666666666667,0.557377049180328,1.27380868750732,2.97992038402997,0.0347644271043583
"48","Josh Heupel","https://en.wikipedia.org/wiki/Josh_Heupel",2021,"Tennessee","SEC","UCF","MidMajor","HC","O",28,8,0,43,18,1,0,1,0,0,0,1,0,1,0,1,0,0,1978,28,8,2025,0,10,1,0,0,0.777777623456876,0,0,0,-7,0,36,0.777777777777778,19.64,0.704918032786885,13.2,8.72666666666667,0.186201455246778,8.16666666666667,10.9133333333333,5.03333333333333,0.518716577540107,5.98333333333333,-0.0166666666666665,0.483333333333333,22.55,18.6428571428571,0.226975638740345
"49","Steve Sarkisian","https://en.wikipedia.org/wiki/Steve_Sarkisian",2021,"Texas","SEC","Alabama","SEC","OC","O",0,0,0,45,19,1,0,1,1,0,0,1,0,1,0,0,1,1,1974,46,35,2025,0,13,0,1,0,0.5,1,0,1,-3,0,81,0.567901234567901,18.92,0.703125,14.84,3.59692307692308,0.059145942408377,3.33230769230769,15.3230769230769,11.5076923076923,0.643979057591623,10.84,11.02,0.596774193548387,-2.98372469635628,0.0780904183535771,0.0308637012398314
"50","Mike Elko","https://en.wikipedia.org/wiki/Mike_Elko",2024,"Texas A&M","SEC","Duke","ACC","HC","D",16,9,1,17,5,1,0,1,0,0,0,1,0,0,0,0,0,1,1977,16,9,2025,1,21,1,0,0,0.63999988800009,1,0,0,-3,0,25,0.64,19.15,0.772727272727273,16.45,2.96875,0.146411483253589,4.61875,16.18125,11.83125,0.626315789473684,15.4333333333333,10.8166666666667,0.616666666666667,10.65,9.33333333333333,0.220645161290323
"51","Joey McGuire","https://en.wikipedia.org/wiki/Joey_McGuire",2022,"Texas Tech","Big 12","Baylor","Big 12","AHC","D",0,0,0,32,17,0,0,1,0,0,0,0,0,0,0,0,0,0,1971,0,0,2025,1,3,0,0,0,0.5,1,0,1,1,0,0,NA,11.925,0.653061224489796,11.3,1.94642857142857,0.123331494760066,7.25714285714286,9.97857142857143,4.04285714285714,0.52972972972973,5.26666666666667,1.6,0.433333333333333,NA,NA,NA
"52","Lincoln Riley","https://en.wikipedia.org/wiki/Lincoln_Riley",2022,"USC","Big Ten","Oklahoma","SEC","HC","O",55,10,1,33,16,1,0,1,0,0,0,1,0,1,0,1,0,0,1983,55,10,2025,0,12,1,0,0,0.846153739645003,1,0,0,-11,0,65,0.846153846153846,14.675,0.673469387755102,12.25,-3.69166666666667,-0.00412624066019851,-0.463333333333333,18.3666666666667,12.7133333333333,0.677595628415301,7.9,4.7,0.578947368421053,-3.94307692307693,-0.935384615384613,0.0511538461538461
"53","Kyle Whittingham","https://en.wikipedia.org/wiki/Kyle_Whittingham",2005,"Utah","Big 12","Utah","Big 12","DC","D",0,0,1,174,88,0,0,1,0,0,0,1,1,1,0,0,0,0,1959,0,0,2025,1,13,0,0,1,0.5,1,0,1,-4,1,0,NA,12.40625,0.66412213740458,9.65,5.75625,0.0334403192227619,4.97142857142857,6.65,4.67857142857143,0.630681818181818,10.9833333333333,11.1666666666667,0.677966101694915,NA,NA,NA
"54","Clark Lea","https://en.wikipedia.org/wiki/Clark_Lea",2021,"Vanderbilt","SEC","Notre Dame","Indep","DC","D",0,0,1,24,35,0,0,1,0,1,0,1,0,1,0,0,0,0,1981,0,0,2025,1,3,0,0,1,0.5,1,0,0,-10,0,0,NA,-3.16,0.406779661016949,-0.32,-1.47428571428571,0.0188015189404465,1.35857142857143,-1.68571428571429,-1.67857142857143,0.387978142076503,-6.16666666666667,-5.66666666666667,0.338983050847458,NA,NA,NA
"55","Tony Elliott","https://en.wikipedia.org/wiki/Tony_Elliott_(American_football_coach)",2022,"Virginia","ACC","Clemson","ACC","OC","O",0,0,0,19,25,0,0,1,0,0,0,1,0,1,0,0,1,1,1979,0,0,2025,1,7,0,1,0,0.5,1,0,1,-7,0,0,NA,-3.575,0.431818181818182,-0.775,-5.60833333333333,-0.000614250614250633,-0.625,2.03333333333333,-0.15,0.432432432432432,5.35,3.8,0.548387096774194,NA,NA,NA
"56","Jake Dickert","https://en.wikipedia.org/wiki/Jake_Dickert",2025,"Wake Forest","ACC","Washington State","MidMajor","HC","D",23,20,0,6,3,1,0,1,0,0,0,1,0,0,0,0,0,1,1983,23,20,2025,0,9,1,0,0,0.534883704705254,0,0,0,-8,0,43,0.534883720930233,2.3,0.666666666666667,2.6,4.03333333333333,0.207207207207207,3.96666666666667,-1.73333333333333,-1.36666666666667,0.459459459459459,1.175,2.4,0.516666666666667,4.25,3.05833333333333,0.11030271534364
"57","Jedd Fisch","https://en.wikipedia.org/wiki/Jedd_Fisch",2024,"Washington","Big Ten","Arizona","Big 12","HC","O",16,21,0,12,10,1,0,1,1,0,0,0,0,0,0,0,0,0,1976,16,21,2025,1,10,1,0,0,0.432432468955422,1,0,0,-2,0,37,0.432432432432432,9.4,0.545454545454545,10.25,-2.25714285714286,-0.1000481000481,-0.864285714285714,11.6571428571429,11.1142857142857,0.645502645502645,9.8,9.74,0.701754385964912,-5.28205128205128,-4.04615384615385,-0.0620730620730621
"58","Rich Rodriguez","https://en.wikipedia.org/wiki/Rich_Rodriguez",2025,"West Virginia","Big 12","Jacksonville State","CUSA","HC","O",27,10,1,4,6,1,0,1,0,0,0,1,0,1,0,1,0,1,1963,190,128,2025,1,34,1,0,0,0.729729605551565,0,0,0,12,0,318,0.59748427672956,-5.1,0.4,-1.3,-12.1857142857143,-0.169148936170213,-7.21428571428571,7.08571428571429,5.91428571428571,0.569148936170213,4.06666666666667,3.3,0.524590163934426,0.584351905404536,-0.705255124991967,0.0133388991778346
"59","Luke Fickell","https://en.wikipedia.org/wiki/Luke_Fickell",2022,"Wisconsin","Big Ten","Cincinnati","Big 12","HC","D",57,18,0,16,19,1,1,1,0,0,0,1,0,1,0,1,1,1,1973,57,18,2025,1,18,1,0,0,0.759999930666685,1,0,0,-1,0,75,0.76,3.875,0.457142857142857,3.425,-15.005,-0.265934065934066,-10.4483333333333,18.88,13.8733333333333,0.723076923076923,21.84,15.38,0.721311475409836,-3.01601123595506,-2.14297752808989,0.0047559598121396
"60","Brian Kelly","https://en.wikipedia.org/wiki/Brian_Kelly_(American_football_coach)",2022,"LSU","SEC","Notre Dame","Indep","HC","D",92,39,0,34,14,1,0,0,0,1,0,1,0,0,1,1,0,0,1961,263,95,2025,0,37,1,0,0,0.702290045451901,1,0,0,11,0,358,0.73463687150838,15.6,0.708333333333333,13.925,-6.04,-0.0287800687285223,-2.255,21.64,16.18,0.737113402061856,15.4333333333333,13.2666666666667,0.703125,4.69471434997751,6.12442645074224,0.183057650679169
"61","Kevin Sumlin","https://en.wikipedia.org/wiki/Kevin_Sumlin",2018,"Arizona","Pac","Texas A&M","SEC","HC","O",35,17,1,51,26,1,1,0,0,0,0,1,0,1,0,0,0,0,1964,86,43,2020,0,14,1,0,0,0.673076856508901,1,0,0,4,0,129,0.666666666666667,-2.2,0.662337662337662,-4.1,-6.65,0.173448773448773,-9.10714285714286,4.45,5.00714285714286,0.488888888888889,5.22,4.64,0.538461538461538,8.36602067183463,8.78333333333333,0.172225104957781
"62","Jedd Fisch","https://en.wikipedia.org/wiki/Jedd_Fisch",2021,"Arizona","Pac","UCLA","Big Ten","OC","O",1,1,0,16,21,0,0,0,1,0,0,0,0,0,0,0,0,0,1976,0,0,2023,1,7,0,1,0,0.5,1,0,0,-5,0,0,NA,-0.566666666666667,0.432432432432432,0.700000000000001,-5.28205128205128,-0.0620730620730621,-4.04615384615385,4.71538461538462,4.74615384615385,0.494505494505495,-1.3,-2.425,0.351851851851852,NA,NA,NA
"63","Herm Edwards","https://en.wikipedia.org/wiki/Herm_Edwards",2018,"Arizona State","Pac","None","None","HC","D",0,0,0,18,20,1,1,0,1,0,1,1,1,1,0,0,0,0,1954,54,74,2022,0,13,1,0,0,0.5,0,0,0,14,0,128,0.421875,4.75,0.473684210526316,3.7,-5.50384615384615,-0.0818713450292398,-4.9,10.2538461538462,8.6,0.555555555555556,7.84,8.62,0.584615384615385,NA,NA,NA
"64","Chad Morris","https://en.wikipedia.org/wiki/Chad_Morris",2017,"Arkansas","SEC","SMU","Big12","HC","O",14,22,0,4,18,1,1,0,0,0,0,0,0,0,0,0,0,1,1968,0,0,2019,1,5,1,0,0,0.38888895061725,1,0,0,-1,0,0,NA,-3.05,0.181818181818182,-7.4,-17.9807692307692,-0.38961038961039,-17.9307692307692,14.9307692307692,10.5307692307692,0.571428571428571,10.48,8.1,0.46031746031746,-0.273076923076923,1.64615384615385,-0.062984496124031
"65","Sam Pittman","https://en.wikipedia.org/wiki/Sam_Pittman",2020,"Arkansas","SEC","Georgia","SEC","OL","O",0,0,1,32,34,1,1,0,0,0,0,1,0,0,0,0,0,0,1961,0,0,2025,1,9,0,0,0,0.5,1,0,1,9,0,0,NA,8.38333333333333,0.484848484848485,5.65,-1.61666666666667,-0.0124777183600713,-0.22857142857143,10,5.87857142857143,0.497326203208556,2.08333333333333,-1.3,0.370967741935484,NA,NA,NA
"66","Bryan Harsin","https://en.wikipedia.org/wiki/Bryan_Harsin",2021,"Auburn","SEC","Boise State","MidMajor","HC","O",69,19,0,9,12,1,1,0,0,0,0,1,0,0,0,1,0,1,1976,76,24,2022,0,15,1,0,0,0.784090844524808,0,0,0,-5,0,100,0.76,8.05,0.428571428571429,5.1,-9.45714285714286,-0.220913107511046,-8.17142857142857,17.5071428571429,13.2714285714286,0.649484536082474,18.3,15.55,0.640625,-3.13028571428572,-1.61375824175824,-0.0428934039704256
"67","Matt Rhule","https://en.wikipedia.org/wiki/Matt_Rhule",2017,"Baylor","Big12","Temple","MidMajor","HC","O",28,23,0,19,20,1,0,0,1,1,0,1,0,1,0,1,0,0,1975,28,23,2019,0,11,1,0,0,0.549019588619769,0,0,0,-8,0,51,0.549019607843137,6.13333333333333,0.487179487179487,4.36666666666667,3.2025641025641,-0.0155232155232155,3.05128205128205,2.93076923076923,1.31538461538462,0.502702702702703,17.22,16,0.723076923076923,10.625,9.89615384615385,0.21187675070028
"68","Jeff Hafley","https://en.wikipedia.org/wiki/Jeff_Hafley",2020,"Boston College","ACC","Ohio State","Big Ten","DC","D",0,0,0,22,26,0,0,0,1,0,0,1,0,0,0,0,0,1,1979,0,0,2023,1,1,0,0,1,0.5,1,0,0,-9,0,0,NA,-6.63333333333333,0.458333333333333,-4.7,-12.5641025641026,-0.0837719298245614,-8.34615384615384,5.93076923076923,3.64615384615385,0.542105263157895,0.88,2.22,0.483870967741935,NA,NA,NA
"69","Luke Fickell","https://en.wikipedia.org/wiki/Luke_Fickell",2017,"Cincinnati","Big12","Ohio State","Big Ten","DC","D",0,0,0,57,18,0,0,0,0,0,0,1,1,1,0,1,1,1,1973,0,0,2022,1,12,0,0,1,0.5,1,0,0,-6,0,0,NA,8.48,0.76,5.24,1.38,0.146243386243386,2.58285714285714,7.1,2.65714285714286,0.613756613756614,5.5,0.22,0.603174603174603,-10.8692307692308,-13.3153846153846,-0.342694342694343
"70","Mel Tucker","https://en.wikipedia.org/wiki/Mel_Tucker",2019,"Colorado","Big12","Georgia","SEC","DC","D",0,0,0,5,7,0,0,0,1,0,0,1,0,1,0,0,0,1,1972,0,0,2019,0,12,0,0,1,0.5,1,0,0,-3,0,0,NA,-4.1,0.416666666666667,-2.2,-3.94285714285714,0.0450819672131147,-0.192857142857143,-0.157142857142857,-2.00714285714286,0.371584699453552,-0.35,-0.166666666666666,0.412698412698413,NA,NA,NA
"71","Karl Dorrell","https://en.wikipedia.org/wiki/Karl_Dorrell",2020,"Colorado","Big12","Dolphins","NFL","AHC","O",0,0,1,8,15,1,1,0,1,0,0,1,0,1,0,0,0,0,1963,35,27,2022,1,14,0,0,0,0.5,0,1,0,7,0,62,0.564516129032258,-15.2,0.347826086956522,-10.25,-14.1928571428571,-0.00931677018633542,-7.80714285714286,-1.00714285714286,-2.44285714285714,0.357142857142857,-0.2,0.15,0.46031746031746,-6.29384615384615,-3.00461538461539,-0.0250792466902853
"72","Mike Elko","https://en.wikipedia.org/wiki/Mike_Elko",2022,"Duke","ACC","Texas A&M","SEC","DC","D",0,0,0,16,9,0,0,0,0,0,0,1,0,0,0,0,0,1,1977,0,0,2023,1,19,0,0,1,0.5,1,0,0,-5,0,0,NA,7.2,0.64,8.4,10.65,0.220645161290323,9.33333333333333,-3.45,-0.933333333333333,0.419354838709677,-1.05,-0.775,0.409836065573771,NA,NA,NA
"73","Jim McElwain","https://en.wikipedia.org/wiki/Jim_McElwain",2015,"Florida","SEC","Colorado State","MidMajor","HC","O",22,16,0,22,12,1,1,0,0,0,0,1,0,0,0,0,1,1,1962,22,16,2017,1,16,1,0,0,0.578947326869828,0,0,0,3,0,38,0.578947368421053,13.1,0.647058823529412,7.06666666666667,-8.27333333333334,-0.0627857360560804,-8.97333333333333,21.3733333333333,16.04,0.709844559585492,16.7166666666667,11.3333333333333,0.587301587301587,-2.26410256410256,-1.86923076923077,0.0680778032036613
"74","Dan Mullen","https://en.wikipedia.org/wiki/Dan_Mullen",2018,"Florida","SEC","Mississippi State","SEC","HC","O",69,46,1,34,15,1,1,0,0,0,0,1,0,0,0,0,1,1,1972,69,46,2021,1,13,1,0,0,0.599999982608699,1,0,1,-4,0,115,0.6,19.45,0.693877551020408,15.625,1.1,0.00993972718621128,2.5375,18.35,13.0875,0.683937823834197,13.2857142857143,6.82857142857143,0.548387096774194,11.8076923076923,11.1965811965812,0.156818181818182
"75","Billy Napier","https://en.wikipedia.org/wiki/Billy_Napier",2022,"Florida","SEC","Louisiana","MidMajor","HC","O",40,12,0,22,23,1,1,0,0,1,0,1,0,0,0,1,0,0,1979,40,12,2025,1,8,1,0,0,0.769230665680513,0,0,0,-7,0,52,0.769230769230769,9.1,0.488888888888889,6.95,-9.09375,-0.188194444444444,-5.96875,18.19375,12.91875,0.677083333333333,15.5714285714286,9.7,0.639344262295082,19.1288461538462,16.6423076923077,0.282891971416562
"76","Willie Taggart","https://en.wikipedia.org/wiki/Willie_Taggart",2018,"Florida State","ACC","Oregon","Big Ten","HC","O",7,5,0,9,12,1,1,0,0,0,0,1,0,0,0,0,0,0,1976,47,50,2019,1,14,1,0,0,0.583333194444676,1,0,0,-8,0,97,0.484536082474227,1.6,0.428571428571429,-1.3,-19.1,-0.288600288600289,-14.95,20.7,13.65,0.717171717171717,26.6333333333333,16.5,0.805970149253731,-0.95829607550919,0.998981619473422,0.0137644827521454
"77","Geoff Collins","https://en.wikipedia.org/wiki/Geoff_Collins_(American_football)",2019,"Georgia Tech","ACC","Temple","MidMajor","HC","D",15,10,1,10,28,1,1,0,0,1,0,1,0,0,0,0,0,1,1971,15,10,2022,1,9,1,0,0,0.599999920000064,0,0,0,-2,0,25,0.6,-10.1666666666667,0.263157894736842,-6.8,-18.5452380952381,-0.319316332067282,-13.6142857142857,8.37857142857143,6.81428571428571,0.582474226804124,7.44,8.5,0.555555555555556,9.97692307692308,7.80384615384615,0.187912087912088
"78","Major Applewhite","https://en.wikipedia.org/wiki/Major_Applewhite",2016,"Houston","Big12","Houston","Big12","OC","O",0,0,0,15,11,0,1,0,0,0,0,1,0,1,0,0,0,0,1978,0,0,2018,1,10,0,1,0,0.5,1,0,1,-12,1,0,NA,6.7,0.576923076923077,2.33333333333333,6.69285714285714,0.00549450549450547,3.74047619047619,0.00714285714285724,-1.40714285714286,0.571428571428571,5.08333333333333,3.58333333333333,0.707692307692308,NA,NA,NA
"79","Dana Holgorsen","https://en.wikipedia.org/wiki/Dana_Holgorsen",2019,"Houston","Big12","West Virginia","Big12","HC","O",61,41,1,31,28,1,0,0,0,0,0,1,0,0,0,1,0,0,1971,0,0,2023,1,6,1,0,0,0.598039196462903,1,0,1,-2,0,0,NA,0.825,0.525423728813559,1.775,-2.78166666666667,-0.102848522495341,0.448333333333333,3.60666666666667,1.32666666666667,0.628272251308901,6.74285714285714,3.15714285714286,0.692307692307692,-2.89038461538462,0.0394230769230752,-0.0595694799658994
"80","Lovie Smith","https://en.wikipedia.org/wiki/Lovie_Smith",2016,"Illinois","Big Ten","Tampa","NFL","HC","D",0,0,0,17,39,1,1,0,1,0,0,1,0,0,0,0,0,0,1958,89,87,2020,1,14,1,0,0,0.5,0,1,0,8,0,176,0.505681818181818,-5.36,0.303571428571429,-7.96,-5.66,-0.0831689029202842,-6.12923076923077,0.3,-1.83076923076923,0.386740331491713,-0.78,-4.9,0.377049180327869,NA,NA,NA
"81","Tom Allen","https://en.wikipedia.org/wiki/Tom_Allen_(American_football)",2016,"Indiana","Big Ten","Indiana ","Big Ten","DC","D",0,0,0,33,49,0,1,0,0,0,0,1,0,0,0,0,0,0,1970,0,0,2023,1,6,0,0,1,0.5,1,0,1,-4,0,0,NA,2.2625,0.402439024390244,1.825,7.89326923076923,0.061656901485216,7.77115384615385,-5.63076923076923,-5.94615384615385,0.340782122905028,-3.58,-4.16,0.327868852459016,NA,NA,NA
"82","Les Miles","https://en.wikipedia.org/wiki/Les_Miles",2019,"Kansas","Big12","LSU","SEC","HC","O",114,34,0,3,18,1,1,0,1,0,0,1,0,1,1,1,0,0,1953,105,55,2020,1,19,1,0,0,0.770270233747266,1,0,0,16,0,160,0.65625,-13.05,0.142857142857143,-9.85,-8.77307692307692,-0.198183319570603,-5.04230769230769,-4.27692307692308,-4.80769230769231,0.341040462427746,-14.36,-12.12,0.153846153846154,13.2732253026162,10.2584166341273,0.178965701040632
"83","Scott Satterfield","https://en.wikipedia.org/wiki/Scott_Satterfield",2019,"Louisville","ACC","Appalachian State","MidMajor","HC","O",51,24,0,25,24,1,0,0,0,0,0,1,0,0,0,1,0,0,1972,51,24,2022,1,9,1,0,0,0.679999952000013,0,0,0,-3,0,75,0.68,5.66666666666667,0.510204081632653,6.26666666666667,-7.64871794871795,-0.149013795462319,-1.44871794871795,13.3153846153846,7.71538461538462,0.659217877094972,12.64,7.02,0.62962962962963,0,0,0
"84","Ed Orgeron","http://en.wikipedia.org/wiki/Ed_Orgeron",2016,"LSU","SEC","LSU","SEC","DL","D",0,0,1,51,20,1,1,0,1,1,0,1,0,1,0,0,0,0,1961,10,25,2021,1,15,0,0,0,0.5,1,0,1,5,1,35,0.285714285714286,18.9666666666667,0.71830985915493,15.9,-4.81794871794872,-0.057200344926703,-1.33076923076923,23.7846153846154,17.2307692307692,0.775510204081633,25.1,19.62,0.769230769230769,-7.8952380952381,-8.03809523809524,-0.291428571428571
"85","D.J. Durkin","https://en.wikipedia.org/wiki/D.J._Durkin",2016,"Maryland","Big Ten","Michigan","Big Ten","DC","D",0,0,0,10,15,0,1,0,0,0,1,1,0,0,0,0,0,0,1978,0,0,2018,0,3,0,0,1,0.5,1,0,1,-12,0,0,NA,-2.55,0.4,-0.8,-8.50384615384615,-0.135911602209945,-3.76923076923077,5.95384615384615,2.96923076923077,0.535911602209945,-0.18,-4.2,0.392857142857143,NA,NA,NA
"86","Mark Richt","https://en.wikipedia.org/wiki/Mark_Richt",2016,"Miami","ACC","Georgia","SEC","HC","O",145,51,1,26,13,1,0,0,0,0,0,1,0,1,0,1,0,0,1960,145,51,2018,1,23,1,0,0,0.739795893898378,1,0,0,6,0,196,0.739795918367347,16.2333333333333,0.666666666666667,13.1666666666667,-2.3974358974359,0.0073260073260073,2.28974358974359,18.6307692307692,10.8769230769231,0.659340659340659,13.28,5.72,0.56140350877193,10.3461538461538,5.89230769230769,0.103432282003711
"87","Manny Diaz","https://en.wikipedia.org/wiki/Manny_Diaz_(American_football)",2019,"Miami","ACC","Miami","ACC","DC","D",0,0,1,21,15,0,1,0,0,0,0,0,0,0,0,0,0,0,1974,0,0,2021,1,13,0,0,1,0.5,1,0,1,-5,1,0,NA,10.2,0.583333333333333,2,-6.14615384615385,-0.023224043715847,-7.07692307692308,16.3461538461538,9.07692307692308,0.60655737704918,14.72,10.74,0.610169491525424,NA,NA,NA
"88","Mel Tucker","https://en.wikipedia.org/wiki/Mel_Tucker",2020,"Michigan State","Big Ten","Colorado","Big12","HC","D",5,7,0,20,14,1,1,0,1,0,1,1,0,1,0,0,0,1,1972,5,7,2023,1,13,1,0,0,0.416666805555324,1,0,0,-2,0,12,0.416666666666667,0.8,0.588235294117647,1.125,-11.4923076923077,-0.0457853244390539,-7.26730769230769,12.2923076923077,8.39230769230769,0.634020618556701,11.1,7.84,0.6,-3.94285714285714,-0.192857142857143,0.0450819672131147
"89","Joe Moorhead","https://en.wikipedia.org/wiki/Joe_Moorhead",2018,"Mississippi State","SEC","Penn State","Big Ten","OC","O",0,0,0,14,12,1,1,0,0,1,0,1,0,0,0,1,0,1,1973,38,13,2019,0,13,0,1,0,0.5,1,0,0,-5,0,51,0.745098039215686,13.35,0.538461538461538,12.4,8.46428571428572,0.0411353352529823,7.72142857142857,4.88571428571429,4.67857142857143,0.497326203208556,14.2333333333333,12.7166666666667,0.630769230769231,NA,NA,NA
"90","Mike Leach","https://en.wikipedia.org/wiki/Mike_Leach_(American_football_coach)",2020,"Mississippi State","SEC","Washington State","MidMajor","HC","O",55,47,0,19,16,1,0,0,0,0,0,0,0,0,0,0,0,0,1961,139,90,2022,1,29,1,0,0,0.539215678585161,0,0,0,9,0,229,0.606986899563319,8.16666666666667,0.542857142857143,7.86666666666667,0.409523809523809,0.00601503759398492,0.25952380952381,7.75714285714286,7.60714285714286,0.536842105263158,13.2,12,0.584615384615385,8.74586832381592,6.21622438696675,0.114169130596915
"91","Zach Arnett","https://en.wikipedia.org/wiki/Zach_Arnett",2022,"Mississippi State","SEC","Mississippi State","SEC","DC","D",0,0,1,5,6,0,1,0,0,0,0,1,0,0,0,0,0,0,1986,0,0,2023,1,5,0,0,1,0.5,1,0,1,-14,1,0,NA,7.95,0.454545454545455,5.7,-1.43571428571429,-0.105663969538315,-3.54285714285714,9.38571428571429,9.24285714285714,0.56020942408377,11.3,10.5833333333333,0.53968253968254,NA,NA,NA
"92","Barry Odom","https://en.wikipedia.org/wiki/Barry_Odom",2016,"Missouri","SEC","Missouri","SEC","DC","D",0,0,1,25,25,0,1,0,0,1,0,1,0,1,0,0,0,1,1976,0,0,2019,1,4,0,0,1,0.5,1,0,1,-10,1,0,NA,9.675,0.5,6.25,-1.93269230769231,-0.117801047120419,-2.68076923076923,11.6076923076923,8.93076923076923,0.617801047120419,12.18,11.02,0.630769230769231,NA,NA,NA
"93","Scott Frost","https://en.wikipedia.org/wiki/Scott_Frost",2018,"Nebraska","Big Ten","UCF","Big12","HC","O",19,7,1,16,31,1,1,0,1,0,0,1,1,1,0,1,0,0,1975,19,7,2022,1,6,1,0,0,0.730769053254574,1,0,0,-7,0,26,0.730769230769231,4.96,0.340425531914894,2.34,-8.26142857142857,-0.291698820416713,-6.00285714285714,13.2214285714286,8.34285714285714,0.632124352331606,9.72,6.12,0.587301587301587,11.1,14.6714285714286,0.203595317725752
"94","Lincoln Riley","https://en.wikipedia.org/wiki/Lincoln_Riley",2017,"Oklahoma","SEC","Oklahoma","SEC","OC","O",0,0,1,55,10,0,0,0,0,0,0,1,0,1,0,0,0,0,1983,0,0,2021,1,7,0,1,0,0.5,1,0,1,-16,1,0,NA,21.58,0.846153846153846,18.78,-3.94307692307693,0.0511538461538461,-0.935384615384613,25.5230769230769,19.7153846153846,0.795,23.22,18.04,0.784615384615385,NA,NA,NA
"95","Mike Gundy","https://en.wikipedia.org/wiki/Mike_Gundy",2005,"Oklahoma State","Big 12","Oklahoma State","Big 12","OC","O",0,0,1,170,90,0,1,0,0,0,0,1,0,1,0,0,0,0,1967,0,0,2025,1,5,0,1,0,0.5,1,0,1,-12,1,0,NA,13.9411764705882,0.653846153846154,10.5117647058824,13.7642533936652,0.235241502683363,10.4963800904977,0.176923076923077,0.0153846153846154,0.418604651162791,6.34,3.84,0.516666666666667,NA,NA,NA
"96","Matt Luke","https://en.wikipedia.org/wiki/Matt_Luke_(American_football)",2017,"Ole Miss","SEC","Ole Miss","SEC","OC","O",0,0,1,15,21,0,1,0,0,0,0,1,0,1,0,0,0,0,1976,0,0,2019,1,9,0,1,0,0.5,1,0,1,-9,1,0,NA,8.1,0.416666666666667,3.86666666666667,0.0615384615384613,-0.0887096774193548,-2.14102564102564,8.03846153846154,6.00769230769231,0.505376344086022,17.34,13.88,0.609375,NA,NA,NA
"97","Mario Cristobal","https://en.wikipedia.org/wiki/Mario_Cristobal",2018,"Oregon","Big Ten","Oregon","Big Ten","OC","O",0,0,1,35,13,1,0,0,0,1,0,1,1,1,0,1,0,0,1970,27,47,2021,1,11,0,1,0,0.5,1,0,1,-2,1,74,0.364864864864865,12.1666666666667,0.729166666666667,12.0333333333333,-6.34871794871795,0.0126718213058419,-4.27435897435897,18.5153846153846,16.3076923076923,0.716494845360825,16.9,14.58,0.666666666666667,8,11.8,0.122440622440622
"98","Willie Taggart","https://en.wikipedia.org/wiki/Willie_Taggart",2017,"Oregon","Big Ten","South Florida","MidMajor","HC","O",24,25,0,7,5,1,0,0,0,0,0,1,0,0,0,0,0,0,1976,40,45,2017,0,13,1,0,0,0.489795922532276,0,0,0,-9,0,85,0.470588235294118,9.1,0.583333333333333,4.6,-9.12307692307692,-0.133161512027491,-11.8076923076923,18.2230769230769,16.4076923076923,0.716494845360825,20.52,19.48,0.742424242424242,-0.333930481283422,1.97831550802139,0.0284313725490196
"99","James Franklin","https://en.wikipedia.org/wiki/James_Franklin_(American_football_coach)",2014,"Penn State","Big Ten","Vanderbilt","SEC","HC","O",24,15,0,104,45,1,1,0,1,1,0,1,0,0,0,0,0,0,1972,24,15,2025,1,9,1,0,0,0.615384556213048,1,0,0,-8,0,39,0.615384615384615,18.81,0.697986577181208,14.8,4.00230769230769,0.0551294343240651,5.21538461538462,14.8076923076923,9.58461538461538,0.642857142857143,12.6,6.28,0.694915254237288,13.8410256410256,12.8230769230769,0.337927967985772
"100","Jeff Brohm","https://en.wikipedia.org/wiki/Jeff_Brohm",2017,"Purdue","Big Ten","Western Kentucky","MidMajor","HC","O",30,10,0,36,34,1,0,0,0,0,0,1,1,1,0,1,0,0,1971,30,10,2022,1,7,1,0,0,0.749999875000062,0,0,0,-4,0,40,0.75,5.91666666666667,0.514285714285714,5.08333333333333,4.49666666666667,0.10568356374808,6.88333333333333,1.42,-1.8,0.408602150537634,-7.61428571428571,-9.34285714285714,0.19672131147541,25.6,20.1285714285714,0.357142857142857
"101","Ryan Walters","https://en.wikipedia.org/wiki/Ryan_Walters_(American_football)",2023,"Purdue","Big Ten","Illinois","Big Ten","DC","D",0,0,0,5,19,0,1,0,0,0,0,1,0,1,0,0,0,0,1986,0,0,2024,1,7,0,0,1,0.5,1,0,1,-13,0,0,NA,-11.75,0.208333333333333,-4.95,-11.7125,-0.167357274401473,-2.6125,-0.0375,-2.3375,0.375690607734807,6.23333333333333,4.13333333333333,0.5,NA,NA,NA
"102","Chris Ash","https://en.wikipedia.org/wiki/Chris_Ash",2016,"Rutgers","Big Ten","Ohio State","Big Ten","DC","D",0,0,0,8,32,0,1,0,0,1,0,1,0,0,0,0,0,1,1973,0,0,2019,1,5,0,0,1,0.5,1,0,1,-7,0,0,NA,-11.825,0.2,-11.65,-9.48653846153846,-0.310752688172043,-10.2884615384615,-2.33846153846154,-1.36153846153846,0.510752688172043,-3.78,-1.26,0.5625,NA,NA,NA
"103","Sonny Dykes","https://en.wikipedia.org/wiki/Sonny_Dykes",2017,"SMU","ACC","TCU","Big 12","OA","O",0,0,0,30,18,1,0,0,0,0,0,0,0,0,0,1,0,0,1969,41,45,2021,1,12,0,0,0,0.5,1,0,0,-2,0,86,0.476744186046512,2.63333333333333,0.625,1.46666666666667,16.1102564102564,0.272398843930636,13.1666666666667,-13.4769230769231,-11.7,0.352601156069364,-14.46,-10.5,0.372549019607843,-2.32000596302922,0.616726296958855,-0.0280762744173123
"104","Will Muschamp","https://en.wikipedia.org/wiki/Will_Muschamp",2016,"South Carolina","SEC","Auburn","SEC","DC","D",0,0,0,28,30,1,1,0,1,0,0,1,0,1,0,0,1,1,1971,28,21,2020,1,15,0,0,1,0.5,1,0,1,-5,0,49,0.571428571428571,4.22,0.482758620689655,2.18,-8.28714285714286,-0.112986060161409,-6.23428571428571,12.5071428571429,8.41428571428571,0.595744680851064,13.1166666666667,10.0833333333333,0.671875,-7.31428571428571,-7.97142857142857,-0.20059215396003
"105","Troy Taylor","https://en.wikipedia.org/wiki/Troy_Taylor_(American_football)",2023,"Stanford","ACC","Sacramento State","MidMajor","HC","O",30,8,0,6,18,1,1,0,0,1,1,1,1,1,0,1,0,0,1968,30,8,2024,1,7,1,0,0,0.789473531856036,0,0,0,5,0,38,0.789473684210526,-10.05,0.25,-5.6,-22.3333333333333,-0.393617021276596,-17.1916666666667,12.2833333333333,11.5916666666667,0.643617021276596,-2.275,-0.35,0.418181818181818,NA,NA,NA
"106","Dino Babers","https://en.wikipedia.org/wiki/Dino_Babers",2016,"Syracuse","ACC","Bowling Green","MidMajor","HC","O",18,9,0,41,55,1,1,0,0,1,0,1,0,0,0,1,0,0,1961,37,16,2023,1,10,1,0,0,0.666666543209968,0,0,0,5,0,53,0.69811320754717,0.6,0.427083333333333,0.7,2.05384615384615,0.0227117486338798,3.18461538461538,-1.45384615384615,-2.48461538461538,0.404371584699454,-0.62,0.22,0.419354838709677,2.71153846153846,2.12692307692308,0.120218579234973
"107","Jeremy Pruitt","https://en.wikipedia.org/wiki/Jeremy_Pruitt",2018,"Tennessee","SEC","Alabama","SEC","DC","D",0,0,0,5,19,0,1,0,0,1,0,1,0,1,0,0,1,1,1974,0,0,2020,1,5,0,0,1,0.5,1,0,1,-6,0,0,NA,5.73333333333333,0.208333333333333,1.36666666666667,-6.98666666666667,-0.352513227513227,-5.24666666666667,12.72,6.61333333333333,0.560846560846561,9.25,4.46666666666667,0.53968253968254,NA,NA,NA
"108","Tom Herman","https://en.wikipedia.org/wiki/Tom_Herman",2017,"Texas","SEC","Houston","Big 12","HC","O",22,4,1,32,18,1,1,0,0,0,0,1,0,0,0,1,1,1,1975,22,4,2020,1,12,1,0,0,0.846153579881862,1,0,0,-8,0,26,0.846153846153846,10.9,0.64,13.125,-9.29230769230769,-0.0683333333333334,-1.02115384615385,20.1923076923077,14.1461538461538,0.708333333333333,10.48,6.8,0.523809523809524,9.55714285714286,13.2642857142857,0.319272125723739
"109","Jimbo Fisher","https://en.wikipedia.org/wiki/Jimbo_Fisher",2018,"Texas A&M","SEC","Florida State","ACC","HC","O",83,23,0,45,25,1,1,0,0,0,0,1,0,0,1,1,1,1,1965,83,23,2023,1,21,1,0,0,0.783018814524752,1,0,0,3,0,106,0.783018867924528,16.4333333333333,0.642857142857143,11.8833333333333,3.56666666666667,0.0691729323308271,3.13,12.8666666666667,8.75333333333333,0.573684210526316,14.25,10.1166666666667,0.615384615384615,3.67980769230769,-1.83076923076923,0.0461767626613705
"110","Matt Wells","https://en.wikipedia.org/wiki/Matt_Wells_(American_football_coach)",2019,"Texas Tech","Big 12","Utah State","MidMajor","HC","O",44,34,0,13,17,1,1,0,0,1,0,1,0,0,0,0,0,1,1973,44,34,2021,1,7,1,0,0,0.564102547666013,0,0,0,-4,0,78,0.564102564102564,2.76666666666667,0.433333333333333,-0.266666666666667,-10.7717948717949,-0.144206773618538,-7.51282051282051,13.5384615384615,7.24615384615385,0.577540106951872,5.32,3.4,0.435483870967742,18.3589743589744,14.2487179487179,0.215531135531136
"111","Josh Heupel","https://en.wikipedia.org/wiki/Josh_Heupel",2018,"UCF","Big 12","Missouri","SEC","OC","O",0,0,0,28,8,0,0,0,0,0,0,1,0,1,0,0,0,0,1978,0,0,2020,1,7,0,1,0,0.5,1,0,0,-10,0,0,NA,17.8,0.777777777777778,14.1,22.55,0.226975638740345,18.6428571428571,-4.75,-4.54285714285714,0.550802139037433,2.88,1.52,0.666666666666667,NA,NA,NA
"112","Gus Malzahn","https://en.wikipedia.org/wiki/Gus_Malzahn",2021,"UCF","Big 12","Auburn","SEC","HC","O",68,35,0,28,24,1,1,0,0,0,0,1,0,0,0,1,1,1,1965,77,38,2024,1,15,1,0,0,0.660194143651623,1,0,0,6,0,115,0.669565217391304,5.325,0.538461538461538,4.65,2.39166666666667,-0.103249691484986,2.48333333333333,2.93333333333333,2.16666666666667,0.641711229946524,11.875,11.925,0.758064516129032,6.77461538461538,9.03848662207358,0.0470581602780161
"113","Chip Kelly","https://en.wikipedia.org/wiki/Chip_Kelly",2018,"UCLA","Big Ten","None","None","None","O",0,0,0,35,34,1,1,0,1,0,0,1,0,0,0,1,0,0,1963,46,7,2023,1,19,0,0,0,0.5,0,0,0,5,0,53,0.867924528301887,5.96,0.507246376811594,3.96,-2.82666666666667,-0.0348588863463005,-2.09333333333333,8.78666666666667,6.05333333333333,0.542105263157895,12.5333333333333,8.43333333333333,0.59375,12.5653846153846,13.9576923076923,0.18857670221493
"114","Deshaun Foster","https://en.wikipedia.org/wiki/DeShaun_Foster",2024,"UCLA","Big Ten","UCLA","Big Ten","RB","O",0,0,1,5,10,0,1,0,0,0,0,1,1,1,0,0,0,0,1980,0,0,2025,1,0,0,0,0,0.5,1,0,1,-6,1,0,NA,-2.95,0.333333333333333,0.65,-11.85,-0.204710144927536,-4.48846153846154,8.9,5.13846153846154,0.53804347826087,7.55,5.95,0.56140350877193,NA,NA,NA
"115","Bronco Mendenhall","https://en.wikipedia.org/wiki/Bronco_Mendenhall",2016,"Virginia","ACC","BYU","Big 12","HC","D",99,43,0,36,38,1,0,0,0,0,0,1,0,1,0,1,0,0,1966,99,43,2021,0,22,1,0,0,0.697183070819286,1,0,0,0,0,142,0.697183098591549,3.52,0.486486486486487,1.96,-0.464615384615385,0.0241208950886371,0.467692307692307,3.98461538461538,1.49230769230769,0.462365591397849,0.72,-2.84,0.370967741935484,1.14102564102564,3.14102564102564,0.0695235241234642
"116","Brent Pry","https://en.wikipedia.org/wiki/Brent_Pry",2022,"Virginia Tech","ACC","Penn State","Big Ten","DC","D",0,0,1,16,24,0,1,0,0,0,0,1,0,0,0,0,0,1,1970,0,0,2025,1,17,0,0,1,0.5,1,0,0,2,0,0,NA,0.125,0.4,0.1,-11.7673076923077,-0.236363636363636,-8.33076923076923,11.8923076923077,8.43076923076923,0.636363636363636,6.2,3.82,0.53968253968254,NA,NA,NA
"117","Justin Fuente","https://en.wikipedia.org/wiki/Justin_Fuente",2016,"Virginia Tech","ACC","Memphis","MidMajor","HC","O",26,23,0,43,31,1,1,0,0,0,0,1,0,1,0,1,0,1,1976,26,23,2021,0,10,1,0,0,0.53061223240317,0,0,0,-10,0,49,0.530612244897959,8.76,0.581081081081081,6.58,-8.27076923076923,-0.117411381230477,-6.06615384615385,17.0307692307692,12.6461538461538,0.698492462311558,12.44,6.16,0.606060606060606,8.75384615384615,7.37115384615385,0.154207750515937
"118","Jimmy Lake","https://en.wikipedia.org/wiki/Jimmy_Lake",2020,"Washington","Big Ten","Washington","Big Ten","DC","D",0,0,1,7,6,0,1,0,1,0,1,1,0,0,0,0,0,0,1976,0,0,2021,1,4,0,0,1,0.5,1,0,1,-6,1,0,NA,-0.7,0.538461538461538,2.3,-10.6428571428571,0.0151454762853727,-7.15,9.94285714285714,9.45,0.523316062176166,19.34,17.78,0.701492537313433,NA,NA,NA
"119","Kalen DeBoer","https://en.wikipedia.org/wiki/Kalen_DeBoer",2022,"Washington","Big Ten","Fresno State","MidMajor","HC","O",12,6,0,25,3,1,0,0,0,0,0,1,0,0,1,1,0,1,1974,79,9,2023,1,22,1,0,0,0.666666481481687,0,0,0,-2,0,88,0.897727272727273,16.05,0.892857142857143,14.25,6.36428571428571,0.349846390168971,4.62142857142857,9.68571428571429,9.62857142857143,0.543010752688172,11.78,10.5,0.625,4.02142857142857,3.02142857142857,0.130584192439863
"120","Neal Brown","https://en.wikipedia.org/wiki/Neal_Brown",2019,"West Virginia","Big 12","Troy","MidMajor","HC","O",35,16,0,37,35,1,1,0,0,0,0,1,0,1,0,1,0,0,1980,35,16,2024,1,11,1,0,0,0.686274436755123,0,0,0,-11,0,51,0.686274509803922,2.55,0.513888888888889,2.81666666666667,-9.89615384615385,-0.159795321637427,-7.63717948717949,12.4461538461538,10.4538461538462,0.673684210526316,10.28,11.46,0.625,6.875,6.29166666666667,0.180392156862745
"121","James Franklin","https://en.wikipedia.org/wiki/James_Franklin_(American_football_coach)",2026,"Virginia Tech","ACC",NA,NA,"HC",NA,NA,NA,NA,NA,NA,1,NA,NA,NA,NA,NA,NA,NA,NA,0,NA,NA,NA,1972,NA,NA,NA,NA,NA,1,0,0,NA,NA,NA,NA,4,NA,NA,NA,NA,NA,NA,NA,NA,NA,7.92307692307692,4.53846153846154,0.555555555555556,0.883333333333333,0.466666666666667,0.44,7.4747963800905,7.90045248868778,0.160315882689225
"122","Bob Chesney","https://en.wikipedia.org/wiki/Bob_Chesney",2026,"Virginia Tech","ACC",NA,NA,"HC",NA,NA,NA,NA,NA,NA,1,NA,NA,NA,NA,NA,NA,NA,NA,0,NA,NA,NA,1977,NA,NA,NA,NA,NA,1,0,0,NA,NA,NA,NA,-1,NA,NA,NA,NA,NA,NA,NA,NA,NA,7.92307692307692,4.53846153846154,0.555555555555556,0.883333333333333,0.466666666666667,0.44,-0.0833333333333339,-2.15,-0.0993589743589744
"123","Brian Hartline","https://en.wikipedia.org/wiki/Brian_Hartline",2026,"Penn State","",NA,NA,"OC",NA,NA,NA,NA,NA,NA,0,NA,NA,NA,NA,NA,NA,NA,NA,0,NA,NA,NA,1986,NA,NA,NA,NA,NA,0,1,0,NA,NA,NA,NA,-10,NA,NA,NA,NA,NA,NA,NA,NA,NA,17.1461538461538,12.6615384615385,0.704545454545455,20.12,17.2,0.745454545454545,NA,NA,NA
"124","Eli Drinkwitz","https://en.wikipedia.org/wiki/Eliah_Drinkwitz",2026,"Penn State","",NA,NA,"HC",NA,NA,NA,NA,NA,NA,1,NA,NA,NA,NA,NA,NA,NA,NA,0,NA,NA,NA,1983,NA,NA,NA,NA,NA,1,0,0,NA,NA,NA,NA,-7,NA,NA,NA,NA,NA,NA,NA,NA,NA,17.1461538461538,12.6615384615385,0.704545454545455,20.12,17.2,0.745454545454545,-0.818531468531469,-0.1993006993007,0.0435215557638238
"125","Lane Kiffin","https://en.wikipedia.org/wiki/Lane_Kiffin",2026,"LSU","",NA,NA,"HC",NA,NA,NA,NA,NA,NA,1,NA,NA,NA,NA,NA,NA,NA,NA,0,NA,NA,NA,1975,NA,NA,NA,NA,NA,1,0,0,NA,NA,NA,NA,1,NA,NA,NA,NA,NA,NA,NA,NA,NA,19.5933333333333,15.8266666666667,0.729281767955801,11.7666666666667,11.0833333333333,0.660377358490566,6.45949246950461,6.00635424446104,0.114775961387228
"126","Jon Sumrall","https://en.wikipedia.org/wiki/Jon_Sumrall",2026,"LSU","",NA,NA,"HC",NA,NA,NA,NA,NA,NA,1,NA,NA,NA,NA,NA,NA,NA,NA,0,NA,NA,NA,1982,NA,NA,NA,NA,NA,1,0,0,NA,NA,NA,NA,-6,NA,NA,NA,NA,NA,NA,NA,NA,NA,19.5933333333333,15.8266666666667,0.729281767955801,11.7666666666667,11.0833333333333,0.660377358490566,13.6116724738676,12.1470383275261,0.282851091880672
"127","Lane Kiffin","https://en.wikipedia.org/wiki/Lane_Kiffin",2026,"Florida","",NA,NA,"HC",NA,NA,NA,NA,NA,NA,1,NA,NA,NA,NA,NA,NA,NA,NA,0,NA,NA,NA,1975,NA,NA,NA,NA,NA,1,0,0,NA,NA,NA,NA,1,NA,NA,NA,NA,NA,NA,NA,NA,NA,14.21875,9.6375,0.602272727272727,9.73333333333333,7.03333333333333,0.5,6.45949246950461,6.00635424446104,0.114775961387228
"128","Jedd Fisch","https://en.wikipedia.org/wiki/Jedd_Fisch",2026,"Florida","",NA,NA,"HC",NA,NA,NA,NA,NA,NA,1,NA,NA,NA,NA,NA,NA,NA,NA,0,NA,NA,NA,1976,NA,NA,NA,NA,NA,1,0,0,NA,NA,NA,NA,0,NA,NA,NA,NA,NA,NA,NA,NA,NA,14.21875,9.6375,0.602272727272727,9.73333333333333,7.03333333333333,0.5,-4.83005347143278,-3.57070228621953,-0.0802866779878274
"129","Jon Sumrall","https://en.wikipedia.org/wiki/Jon_Sumrall",2026,"Auburn","",NA,NA,"HC",NA,NA,NA,NA,NA,NA,1,NA,NA,NA,NA,NA,NA,NA,NA,0,NA,NA,NA,1982,NA,NA,NA,NA,NA,1,0,0,NA,NA,NA,NA,-6,NA,NA,NA,NA,NA,NA,NA,NA,NA,13.78,10.5266666666667,0.564245810055866,8.18333333333333,5.73333333333333,0.44,13.6116724738676,12.1470383275261,0.282851091880672
"130","Alex Golesh","https://en.wikipedia.org/wiki/Alex_Golesh",2026,"Auburn","",NA,NA,"HC",NA,NA,NA,NA,NA,NA,1,NA,NA,NA,NA,NA,NA,NA,NA,0,NA,NA,NA,1984,NA,NA,NA,NA,NA,1,0,0,NA,NA,NA,NA,-8,NA,NA,NA,NA,NA,NA,NA,NA,NA,13.78,10.5266666666667,0.564245810055866,8.18333333333333,5.73333333333333,0.44,2.89230769230769,3.06153846153846,0.0934065934065934
"131","Alex Golesh","https://en.wikipedia.org/wiki/Alex_Golesh",2026,"Arkansas","",NA,NA,"HC",NA,NA,NA,NA,NA,NA,1,NA,NA,NA,NA,NA,NA,NA,NA,0,NA,NA,NA,1984,NA,NA,NA,NA,NA,1,0,0,NA,NA,NA,NA,-8,NA,NA,NA,NA,NA,NA,NA,NA,NA,7.05,3.61428571428571,0.450867052023121,9.74,6.12,0.529411764705882,2.89230769230769,3.06153846153846,0.0934065934065934
"132","Ryan Silverfield","https://en.wikipedia.org/wiki/Ryan_Silverfield",2026,"Arkansas","",NA,NA,"HC",NA,NA,NA,NA,NA,NA,1,NA,NA,NA,NA,NA,NA,NA,NA,0,NA,NA,NA,1980,NA,NA,NA,NA,NA,1,0,0,NA,NA,NA,NA,-4,NA,NA,NA,NA,NA,NA,NA,NA,NA,7.05,3.61428571428571,0.450867052023121,9.74,6.12,0.529411764705882,10.0907692307692,8.02153846153846,0.195937873357228
